{"cameraMode":{"drawMode":0,"name":"Shaded","section":"Shading Mode"},"sceneLighting":false,"audioPlay":false,"sceneViewState":{"showFog":true,"showMaterialUpdate":false,"showSkybox":true,"showFlares":true,"showImageEffects":true,"showParticleSystems":true},"in2DMode":false,"pivot":{"x":0.0,"y":3.7970762252807619,"z":19.640342712402345},"rotation":{"x":-0.0002509182086214423,"y":-0.9997857213020325,"z":0.01439683884382248,"w":-0.016199402511119844},"size":1.400179147720337,"orthographic":false}