{"cameraMode":{"drawMode":0,"name":"Shaded","section":"Shading Mode"},"sceneLighting":false,"audioPlay":false,"sceneViewState":{"showFog":true,"showMaterialUpdate":false,"showSkybox":true,"showFlares":true,"showImageEffects":true,"showParticleSystems":true},"in2DMode":false,"pivot":{"x":31.94902229309082,"y":-14.791912078857422,"z":34.552433013916019},"rotation":{"x":-0.17758944630622865,"y":-0.488543838262558,"z":0.10228542983531952,"w":-0.8481467962265015},"size":103.7798080444336,"orthographic":false}